{
  "CSPC Auditorium": [
    13.406402,
    123.375668
  ],
  "Academic Building 1": [
    13.405569,
    123.374683
  ],
  "Graduate School Building": [
    13.405508,
    123.375034
  ],
  "Laboratory Shop Building": [
    13.405485,
    123.375518
  ],
  "CSPC Chapel": [
    13.405643,
    123.374459
  ],
  "Gymnasium": [
    13.405917,
    123.375264
  ],
  "Nabua Fire Station": [
    13.405671,
    123.373563
  ],
  "CCS": [
    13.405669,
    123.377169
  ],
  "CAS": [
    13.4059,
    123.377112
  ],
  "CEA": [
    13.406001,
    123.376567
  ],
  "CTHBM": [
    13.406365,
    123.376218
  ],
  "CHS": [
    13.406159,
    123.377347
  ],
  "Academic Building VI": [
    13.405313,
    123.377516
  ],
  "Technohub Building": [
    13.40551,
    123.374874
  ],
  "Restroom Male": [
    13.405479,
    123.375275
  ]
}